pmid,snp,chr,bp,ra1,pvalue,effect,effect_match,cohort,population,sample_size,analysis_group,locus_name,phenotype,phenotype_derived
37069360.0,rs6011998,20,45269867.0,C,1.8e-26,0.087,1.0909,,,,,SLC13A3,,
37069360.0,rs13079464,3,13822439.0,C,3.41e-18,0.026,1.02634,,,,,WNT7A,,
37069360.0,rs2425884,20,45258292.0,C,6.02e-18,0.029,1.02942,,,,,SLC13A3,,
37069360.0,rs10817108,9,113658671.0,A,2.46e-16,0.029,1.02942,,,,,LPAR1,,
37069360.0,rs2425881,20,45255618.0,A,1.59e-14,0.033,1.03355,,,,,SLC13A3,,
37069360.0,rs3772833,3,124518362.0,G,1.76e-14,0.032,1.03252,,,,,"ITGB5, UMPS",,
37069360.0,rs112407396,20,45276381.0,T,4.81e-12,0.078,1.08112,,,,,SLC13A3,,
37069360.0,rs10494988,1,215141570.0,C,6.03e-11,0.021,1.02122,,,,,"CENPF, KCNK2",,
37069360.0,rs72485816,20,45314435.0,T,1.12e-10,0.059,1.06078,,,,,"TP53RK, SLC13A3",,
37069360.0,rs8041189,15,85686327.0,G,1.24e-10,0.022,1.02224,,,,,PDE8A,,
37069360.0,rs4685022,3,13832611.0,G,1.58e-10,0.019,1.01918,,,,,WNT7A,,
37069360.0,rs7596872,2,56128091.0,C,2.8e-10,0.033,1.03355,,,,,EFEMP1,,
37069360.0,rs1126642,17,42989063.0,C,4.67e-10,0.051,1.05232,,,,,GFAP,,
37069360.0,rs687610,3,193515781.0,G,5.81e-10,0.021,1.02122,,,,,OPA1,,
37069360.0,rs4959689,6,2617122.0,C,1.63e-09,0.02,1.0202,,,,,C6orf195,,
37069360.0,rs56104388,20,45302135.0,T,4.8e-09,0.101,1.10628,,,,,SLC13A3,,
37069360.0,rs12417836,11,70089700.0,T,2.47e-08,0.034,1.03458,,,,,"FADD, PPFIA1",,
37069360.0,rs2923437,8,42425399.0,A,4.08e-08,0.018,1.01816,,,,,"SMIM19, CHRNB3, SLC20A2",,
37069360.0,rs1922930,6,1364691.0,C,4.62e-08,0.029,1.02942,,,,,"FOXQ1, FOXF2",,
37069360.0,rs2385089,19,18550434.0,A,5.73e-08,0.023,1.02327,,,,,"ISYNA1, ELL, LRRC25",,
37069360.0,rs10954468,7,134434661.0,C,8.79e-08,0.019,1.01918,,,,,"BPGM, CALD1",,
37069360.0,rs4675310,2,203880834.0,A,3.27e-09,0.027,1.02737,,,,,"NBEAL1, ICA1L",,
37069360.0,rs6769442,3,171565463.0,G,9.34e-09,0.02,1.0202,,,,,TMEM212,,
37069360.0,rs10797812,1,182984597.0,A,4.39e-15,0.027,1.02737,,,,,"SHCBP1L, LAMC1",,
37069360.0,rs78857879,2,56135099.0,G,1.31e-10,0.038,1.03873,,,,,EFEMP1,,
37069360.0,rs6540873,1,215137222.0,A,2.72e-09,0.02,1.0202,,,,,"CENPF, KCNK2",,
